[
  {
    "id": "e6ab9496-72c6-4002-aaec-8b4c9a202f81",
    "data": [
      {
        "text": "osea cada rato miran ",
        "userDefined": false
      },
      {
        "text": "mi",
        "meta": "@sys.location",
        "alias": "location",
        "userDefined": false
      },
      {
        "text": " perfil",
        "userDefined": false
      }
    ],
    "isTemplate": false,
    "count": 0,
    "lang": "es",
    "updated": 0
  },
  {
    "id": "acd45dc0-fc12-4093-8707-2b6572a519a1",
    "data": [
      {
        "text": "tengo miedo de que me sigan en mis redes sociales.",
        "userDefined": false
      }
    ],
    "isTemplate": false,
    "count": 0,
    "lang": "es",
    "updated": 0
  },
  {
    "id": "01cf6d75-886a-44ac-bd7e-3f3296bee653",
    "data": [
      {
        "text": "recibo mensajes molestos de desconocidos",
        "userDefined": false
      }
    ],
    "isTemplate": false,
    "count": 0,
    "lang": "es",
    "updated": 0
  },
  {
    "id": "f5c55f9e-f1f7-4747-9a8f-24a8106fc162",
    "data": [
      {
        "text": "estoy recibiendo acoso en facebook, me siento incomoda",
        "userDefined": false
      }
    ],
    "isTemplate": false,
    "count": 0,
    "lang": "es",
    "updated": 0
  },
  {
    "id": "5ea928ae-e05e-430f-b839-236f710230f1",
    "data": [
      {
        "text": "me",
        "meta": "@sys.music-artist",
        "alias": "music-artist",
        "userDefined": false
      },
      {
        "text": " preocupa que ",
        "userDefined": false
      },
      {
        "text": "mi",
        "meta": "@sys.unit-length-name",
        "alias": "unit-length-name",
        "userDefined": false
      },
      {
        "text": " información personal esté siendo robada",
        "userDefined": false
      }
    ],
    "isTemplate": false,
    "count": 0,
    "lang": "es",
    "updated": 0
  },
  {
    "id": "9e594f28-f75c-4b4a-9905-a57b45f9036c",
    "data": [
      {
        "text": "como me protejo del ciberacoso?",
        "userDefined": false
      }
    ],
    "isTemplate": false,
    "count": 0,
    "lang": "es",
    "updated": 0
  },
  {
    "id": "714f6f14-1234-4654-b90b-6726131d92c8",
    "data": [
      {
        "text": "tengo miedo de que hackeen ",
        "userDefined": false
      },
      {
        "text": "mi",
        "meta": "@sys.unit-length-name",
        "alias": "unit-length-name",
        "userDefined": false
      },
      {
        "text": " cuenta",
        "userDefined": false
      }
    ],
    "isTemplate": false,
    "count": 0,
    "lang": "es",
    "updated": 0
  },
  {
    "id": "d5e16ac5-a2bd-4fce-b35c-31253d0f92fb",
    "data": [
      {
        "text": "me estan acosando en internet, que debo hacer?",
        "userDefined": false
      }
    ],
    "isTemplate": false,
    "count": 0,
    "lang": "es",
    "updated": 0
  }
]