[
  {
    "id": "f4fbeb94-79c3-4d0a-8950-6a7cdbac7f39",
    "data": [
      {
        "text": "no se si tomarlo en serio o broma esto, que debo hacer?",
        "userDefined": false
      }
    ],
    "isTemplate": false,
    "count": 0,
    "lang": "es",
    "updated": 0
  },
  {
    "id": "1ae65867-0b12-4c96-b38d-bd3a5dd48533",
    "data": [
      {
        "text": "me molesta recibir esa clase de mensajes intimidantes",
        "userDefined": false
      }
    ],
    "isTemplate": false,
    "count": 0,
    "lang": "es",
    "updated": 0
  },
  {
    "id": "60c8e589-7fa7-44d3-84b4-a2dd0b723cbf",
    "data": [
      {
        "text": "ya no quiero recibir amenazas",
        "userDefined": false
      }
    ],
    "isTemplate": false,
    "count": 0,
    "lang": "es",
    "updated": 0
  },
  {
    "id": "135785ca-55e8-43d6-9678-b4fbc821f23d",
    "data": [
      {
        "text": "tengo miedo de que lo que me estan diciendo en internet sea cierto",
        "userDefined": false
      }
    ],
    "isTemplate": false,
    "count": 0,
    "lang": "es",
    "updated": 0
  },
  {
    "id": "c018fffe-1304-4b2e-b1c2-521f6e4c7a42",
    "data": [
      {
        "text": "alguien me dijo que me iba a hacer daño si sigo publicando en mis redes",
        "userDefined": false
      }
    ],
    "isTemplate": false,
    "count": 0,
    "lang": "es",
    "updated": 0
  },
  {
    "id": "d4ac694b-1acf-4c0d-9694-dc50a9ef328f",
    "data": [
      {
        "text": "siento que me estan amenazando por mis comentarios",
        "userDefined": false
      }
    ],
    "isTemplate": false,
    "count": 0,
    "lang": "es",
    "updated": 0
  }
]