[
  {
    "id": "81121fba-0b03-4c04-8f07-23da26d364a5",
    "data": [
      {
        "text": "tienes alguna tecnica o metodo para relajarme?",
        "userDefined": false
      }
    ],
    "isTemplate": false,
    "count": 0,
    "lang": "es",
    "updated": 0
  },
  {
    "id": "572a622b-e369-4f8b-b596-23f688738370",
    "data": [
      {
        "text": "estoy estresado, alguna recomendacion?",
        "userDefined": false
      }
    ],
    "isTemplate": false,
    "count": 0,
    "lang": "es",
    "updated": 0
  },
  {
    "id": "6c3881c0-68f8-4644-8138-55dd57db30bd",
    "data": [
      {
        "text": "tengo mucho estres, puedes ayudarme a calmarme?",
        "userDefined": false
      }
    ],
    "isTemplate": false,
    "count": 0,
    "lang": "es",
    "updated": 0
  },
  {
    "id": "756bbc73-e40f-4c73-8a8b-f2503aed9ea8",
    "data": [
      {
        "text": "hay algo con el que me puedo distraerme?",
        "userDefined": false
      }
    ],
    "isTemplate": false,
    "count": 0,
    "lang": "es",
    "updated": 0
  },
  {
    "id": "c0fbbc74-566b-4647-800a-1231440d81b5",
    "data": [
      {
        "text": "me siento tenso en mis musculos, que puedo hacer?",
        "userDefined": false
      }
    ],
    "isTemplate": false,
    "count": 0,
    "lang": "es",
    "updated": 0
  },
  {
    "id": "af45b96b-de7e-4211-b501-b4f8d7de79d6",
    "data": [
      {
        "text": "e estado muy intranquilo en estos dias, tienes alguna recomendacion",
        "userDefined": false
      }
    ],
    "isTemplate": false,
    "count": 0,
    "lang": "es",
    "updated": 0
  },
  {
    "id": "c4437c5e-946e-4bfb-a8ed-bccde329ae07",
    "data": [
      {
        "text": "estoy muy estresada, que puedo hacer para calmarme?",
        "userDefined": false
      }
    ],
    "isTemplate": false,
    "count": 0,
    "lang": "es",
    "updated": 0
  }
]