[
  {
    "id": "41ad5965-336f-4f54-9e74-d5454aeba94f",
    "data": [
      {
        "text": "quisiera ",
        "userDefined": false
      },
      {
        "text": "un",
        "meta": "@sys.number",
        "alias": "number",
        "userDefined": false
      },
      {
        "text": " centro de apoyo",
        "userDefined": false
      }
    ],
    "isTemplate": false,
    "count": 0,
    "lang": "es",
    "updated": 0
  },
  {
    "id": "604b4802-1329-43f4-bbff-e0ec2c1404a7",
    "data": [
      {
        "text": "donde puedo acudir si quiero hablar con alguien?",
        "userDefined": false
      }
    ],
    "isTemplate": false,
    "count": 0,
    "lang": "es",
    "updated": 0
  },
  {
    "id": "d1658a68-f141-4a92-b309-7faff7e9341b",
    "data": [
      {
        "text": "me gustaria saber mas sobre esos centros de ayuda",
        "userDefined": false
      }
    ],
    "isTemplate": false,
    "count": 0,
    "lang": "es",
    "updated": 0
  }
]