[
  {
    "id": "21da7cfb-ad6f-4b3d-8789-ac5268dc97c8",
    "data": [
      {
        "text": "no lo se tengo miedo",
        "userDefined": false
      }
    ],
    "isTemplate": false,
    "count": 0,
    "lang": "es",
    "updated": 0
  },
  {
    "id": "30e5a493-0576-4945-8b5c-805489da7e1e",
    "data": [
      {
        "text": "algun consejo?",
        "userDefined": false
      }
    ],
    "isTemplate": false,
    "count": 0,
    "lang": "es",
    "updated": 0
  },
  {
    "id": "ff4663f8-df16-42af-aa6e-f5016955727e",
    "data": [
      {
        "text": "tienes alguna recomendacion?",
        "userDefined": false
      }
    ],
    "isTemplate": false,
    "count": 0,
    "lang": "es",
    "updated": 0
  },
  {
    "id": "c77bd1b7-cc46-46cd-905c-a9b03e1e3d73",
    "data": [
      {
        "text": "deberia hacer algo",
        "userDefined": false
      }
    ],
    "isTemplate": false,
    "count": 0,
    "lang": "es",
    "updated": 0
  },
  {
    "id": "01809adb-3414-4405-a42a-d2626a601cca",
    "data": [
      {
        "text": "tengo miedo de que me siga maltratando",
        "userDefined": false
      }
    ],
    "isTemplate": false,
    "count": 0,
    "lang": "es",
    "updated": 0
  },
  {
    "id": "757b9d49-9773-44e2-a722-b30f4f76a22b",
    "data": [
      {
        "text": "esta muy complicado",
        "userDefined": false
      }
    ],
    "isTemplate": false,
    "count": 0,
    "lang": "es",
    "updated": 0
  },
  {
    "id": "a9e4ffeb-2e6f-4bab-b206-55ce1700281e",
    "data": [
      {
        "text": "que se supone que deberia hacer",
        "userDefined": false
      }
    ],
    "isTemplate": false,
    "count": 0,
    "lang": "es",
    "updated": 0
  },
  {
    "id": "0dc12762-f882-4ceb-85cf-abfc173add40",
    "data": [
      {
        "text": "no se que puedo hacer",
        "userDefined": false
      }
    ],
    "isTemplate": false,
    "count": 0,
    "lang": "es",
    "updated": 0
  }
]