[
  {
    "id": "d467c663-c4b3-4ca6-b0db-8292e38e3d4a",
    "data": [
      {
        "text": "cuales serian mis derechos?",
        "userDefined": false
      }
    ],
    "isTemplate": false,
    "count": 0,
    "lang": "es",
    "updated": 0
  },
  {
    "id": "fa6f360f-afea-494e-865e-a436412f9326",
    "data": [
      {
        "text": "que derechos tengo si estoy pasando por violencia",
        "userDefined": false
      }
    ],
    "isTemplate": false,
    "count": 0,
    "lang": "es",
    "updated": 0
  },
  {
    "id": "0335617f-3b52-41f9-a411-7e8f70ef3e8f",
    "data": [
      {
        "text": "quiero saber si tengo algun derecho, pero no entiendo mucho esas cosas",
        "userDefined": false
      }
    ],
    "isTemplate": false,
    "count": 0,
    "lang": "es",
    "updated": 0
  }
]