[
  {
    "id": "347b00b8-8faa-4cb4-b28e-72087804f241",
    "data": [
      {
        "text": "gracias, nunca pense que podria sentirme tan comprendida. No se por donde empezar, pero creo que estoy lista para pedir ayuda.",
        "userDefined": false
      }
    ],
    "isTemplate": false,
    "count": 0,
    "lang": "es",
    "updated": 0
  },
  {
    "id": "f2259805-94b4-423a-a40c-e9fdd99608d6",
    "data": [
      {
        "text": "gracias por compartir eso, me siento ",
        "userDefined": false
      },
      {
        "text": "un",
        "meta": "@sys.number",
        "alias": "number",
        "userDefined": false
      },
      {
        "text": " poco mas tranquila aunque aun tengo miedo",
        "userDefined": false
      }
    ],
    "isTemplate": false,
    "count": 0,
    "lang": "es",
    "updated": 0
  },
  {
    "id": "0d851cb2-e87f-499e-a95f-c31e60232c4f",
    "data": [
      {
        "text": "eso me da ",
        "userDefined": false
      },
      {
        "text": "esperanza",
        "meta": "@sys.person",
        "alias": "person",
        "userDefined": false
      },
      {
        "text": " pero, como puedo empezar a buscar ayuda?",
        "userDefined": false
      }
    ],
    "isTemplate": false,
    "count": 0,
    "lang": "es",
    "updated": 0
  },
  {
    "id": "1ccbd785-6d5d-424c-9589-624d474097cf",
    "data": [
      {
        "text": "creo que me siento mejor",
        "userDefined": false
      }
    ],
    "isTemplate": false,
    "count": 0,
    "lang": "es",
    "updated": 0
  },
  {
    "id": "2deba6e1-749c-43d8-963c-935b7be19039",
    "data": [
      {
        "text": "muchas gracias",
        "userDefined": false
      }
    ],
    "isTemplate": false,
    "count": 0,
    "lang": "es",
    "updated": 0
  },
  {
    "id": "b7ad8a85-a5cd-4c6e-b70f-a2d5922ea13c",
    "data": [
      {
        "text": "gracias",
        "meta": "@sys.geo-city",
        "alias": "geo-city",
        "userDefined": false
      }
    ],
    "isTemplate": false,
    "count": 0,
    "lang": "es",
    "updated": 0
  },
  {
    "id": "1c9714f2-ac5c-4509-89b5-3e298b9dd3fe",
    "data": [
      {
        "text": "te lo agradezco",
        "userDefined": false
      }
    ],
    "isTemplate": false,
    "count": 0,
    "lang": "es",
    "updated": 0
  },
  {
    "id": "047d91fe-4505-4db3-9b49-3f9cfcd54cc8",
    "data": [
      {
        "text": "me tengo que ir",
        "userDefined": false
      }
    ],
    "isTemplate": false,
    "count": 0,
    "lang": "es",
    "updated": 0
  },
  {
    "id": "b96c7eea-6dbc-4924-a7b6-4c731843c809",
    "data": [
      {
        "text": "Ya me voy, gracias.",
        "userDefined": false
      }
    ],
    "isTemplate": false,
    "count": 0,
    "lang": "es",
    "updated": 0
  },
  {
    "id": "87a370dd-1cc8-4dec-9fb0-f08f8f93b84a",
    "data": [
      {
        "text": "Me siento ",
        "userDefined": false
      },
      {
        "text": "un",
        "meta": "@sys.number",
        "alias": "number",
        "userDefined": false
      },
      {
        "text": " poco mejor, gracias.",
        "userDefined": false
      }
    ],
    "isTemplate": false,
    "count": 0,
    "lang": "es",
    "updated": 0
  },
  {
    "id": "c2d15023-407b-4571-a9bb-12f610593ddc",
    "data": [
      {
        "text": "bueno",
        "meta": "@sys.last-name",
        "alias": "last-name",
        "userDefined": false
      },
      {
        "text": " lo tomare en cuenta",
        "userDefined": false
      }
    ],
    "isTemplate": false,
    "count": 0,
    "lang": "es",
    "updated": 0
  },
  {
    "id": "3d307462-c29b-4e22-8400-6ad1110f531d",
    "data": [
      {
        "text": "gracias por escucharme, creo que me siento ",
        "userDefined": false
      },
      {
        "text": "un",
        "meta": "@sys.number",
        "alias": "number",
        "userDefined": false
      },
      {
        "text": " poco mejor",
        "userDefined": false
      }
    ],
    "isTemplate": false,
    "count": 0,
    "lang": "es",
    "updated": 0
  }
]