[
  {
    "id": "f8b7aabe-2e7f-4ed3-92ec-b9a84bacd583",
    "data": [
      {
        "text": "creo que ",
        "userDefined": false
      },
      {
        "text": "mi",
        "meta": "@sys.unit-length-name",
        "alias": "unit-length-name",
        "userDefined": false
      },
      {
        "text": " pareja me controla demasiado",
        "userDefined": false
      }
    ],
    "isTemplate": false,
    "count": 0,
    "lang": "es",
    "updated": 0
  },
  {
    "id": "b605c525-9df3-40eb-9b10-44993f7e376f",
    "data": [
      {
        "text": "mi",
        "meta": "@sys.unit-length-name",
        "alias": "unit-length-name",
        "userDefined": false
      },
      {
        "text": " marido ",
        "userDefined": false
      },
      {
        "text": "maltrata",
        "meta": "@sys.location",
        "alias": "location",
        "userDefined": false
      },
      {
        "text": " a mis hijos de manera brusca",
        "userDefined": false
      }
    ],
    "isTemplate": false,
    "count": 0,
    "lang": "es",
    "updated": 0
  },
  {
    "id": "f5f95c58-66c5-466d-a266-78fd17c32b40",
    "data": [
      {
        "text": "he recibido abuso sexual por ",
        "userDefined": false
      },
      {
        "text": "un",
        "meta": "@sys.number",
        "alias": "number",
        "userDefined": false
      },
      {
        "text": " desconocido",
        "userDefined": false
      }
    ],
    "isTemplate": false,
    "count": 0,
    "lang": "es",
    "updated": 0
  },
  {
    "id": "9ca09518-d519-460b-83c3-faf05ddb6518",
    "data": [
      {
        "text": "mi novio a veces me grita por cosas pequeñas",
        "userDefined": false
      }
    ],
    "isTemplate": false,
    "count": 0,
    "lang": "es",
    "updated": 0
  },
  {
    "id": "bb92167c-da16-4d34-b722-3a734430a30b",
    "data": [
      {
        "text": "mi",
        "meta": "@sys.unit-length-name",
        "alias": "unit-length-name",
        "userDefined": false
      },
      {
        "text": " pareja me insulta me trata mal",
        "userDefined": false
      }
    ],
    "isTemplate": false,
    "count": 0,
    "lang": "es",
    "updated": 0
  },
  {
    "id": "42666eec-934c-40c8-9124-f2e6789b1e34",
    "data": [
      {
        "text": "mi",
        "meta": "@sys.unit-length-name",
        "alias": "unit-length-name",
        "userDefined": false
      },
      {
        "text": " esposo se ",
        "userDefined": false
      },
      {
        "text": "comporta",
        "meta": "@sys.location",
        "alias": "location",
        "userDefined": false
      },
      {
        "text": " muy agresivo conmigo",
        "userDefined": false
      }
    ],
    "isTemplate": false,
    "count": 0,
    "lang": "es",
    "updated": 0
  }
]