[
  {
    "id": "c207aeb5-54d1-45f7-919f-9332d8a67b96",
    "data": [
      {
        "text": "estoy triste",
        "userDefined": false
      }
    ],
    "isTemplate": false,
    "count": 0,
    "lang": "es",
    "updated": 0
  },
  {
    "id": "f901632d-a1c8-4a28-8349-55d6354a9d5f",
    "data": [
      {
        "text": "estoy asustada",
        "userDefined": false
      }
    ],
    "isTemplate": false,
    "count": 0,
    "lang": "es",
    "updated": 0
  },
  {
    "id": "56a8dca5-b445-4869-b601-63ea7f660011",
    "data": [
      {
        "text": "me preocupa",
        "userDefined": false
      }
    ],
    "isTemplate": false,
    "count": 0,
    "lang": "es",
    "updated": 0
  },
  {
    "id": "ed76359a-06d0-43e3-898a-1758f76f12ab",
    "data": [
      {
        "text": "mi hijo se siente ",
        "userDefined": false
      },
      {
        "text": "mal",
        "meta": "@sys.airport",
        "alias": "airport",
        "userDefined": true
      }
    ],
    "isTemplate": false,
    "count": 0,
    "lang": "es",
    "updated": 0
  },
  {
    "id": "21eaf211-1f35-4b34-a751-ea57eec856b6",
    "data": [
      {
        "text": "ultimamente estoy deprimido",
        "userDefined": false
      }
    ],
    "isTemplate": false,
    "count": 0,
    "lang": "es",
    "updated": 0
  },
  {
    "id": "c8b63c4c-aaa6-4eb6-9430-1fd873bf0aab",
    "data": [
      {
        "text": "estos dias no la pase bien",
        "userDefined": false
      }
    ],
    "isTemplate": false,
    "count": 0,
    "lang": "es",
    "updated": 0
  }
]