[
  {
    "id": "203653a8-5604-42e4-8eaa-121b512dd9c5",
    "data": [
      {
        "text": "perdon si te molesto al contarte esto",
        "userDefined": false
      }
    ],
    "isTemplate": false,
    "count": 0,
    "lang": "es",
    "updated": 0
  },
  {
    "id": "ae1dd178-c19d-4d04-b0a3-bf7f92054700",
    "data": [
      {
        "text": "no se si estoy exagerando",
        "userDefined": false
      }
    ],
    "isTemplate": false,
    "count": 1,
    "lang": "es",
    "updated": 0
  },
  {
    "id": "0d093831-c95b-4d18-8bed-e509a12ae5a3",
    "data": [
      {
        "text": "tenia miedo de hablar, pero lo hice",
        "userDefined": false
      }
    ],
    "isTemplate": false,
    "count": 0,
    "lang": "es",
    "updated": 0
  },
  {
    "id": "0f5c9016-eab7-4701-8334-a995c5adf9f0",
    "data": [
      {
        "text": "no quiero molestar, pero necesitaba decirlo",
        "userDefined": false
      }
    ],
    "isTemplate": false,
    "count": 0,
    "lang": "es",
    "updated": 0
  },
  {
    "id": "710935ce-aaba-4064-a09c-4e625b0fe1d6",
    "data": [
      {
        "text": "no se por que, pero me animé a escribirte",
        "userDefined": false
      }
    ],
    "isTemplate": false,
    "count": 0,
    "lang": "es",
    "updated": 0
  },
  {
    "id": "9d866ab3-5ca4-43e0-bf0b-12bf48ee1a24",
    "data": [
      {
        "text": "hoy",
        "meta": "@sys.date-time",
        "alias": "date-time",
        "userDefined": false
      },
      {
        "text": " pude hablar",
        "userDefined": false
      }
    ],
    "isTemplate": false,
    "count": 0,
    "lang": "es",
    "updated": 0
  },
  {
    "id": "f1a6216b-3461-4c0e-ba1d-5b6c5f50df81",
    "data": [
      {
        "text": "me anime a decirlo",
        "userDefined": false
      }
    ],
    "isTemplate": false,
    "count": 0,
    "lang": "es",
    "updated": 0
  }
]