[
  {
    "id": "e84fb55d-e5f9-462b-8887-87183fe28015",
    "data": [
      {
        "text": "ok, tienes una recomendacion?",
        "userDefined": false
      }
    ],
    "isTemplate": false,
    "count": 0,
    "lang": "es",
    "updated": 0
  },
  {
    "id": "e6158717-6a73-4c8e-9312-819e82080487",
    "data": [
      {
        "text": "otra forma segura?",
        "userDefined": false
      }
    ],
    "isTemplate": false,
    "count": 0,
    "lang": "es",
    "updated": 0
  },
  {
    "id": "0202352b-7f62-455b-a456-c7183580f6a4",
    "data": [
      {
        "text": "que deberia hacer para evitar eso?",
        "userDefined": false
      }
    ],
    "isTemplate": false,
    "count": 0,
    "lang": "es",
    "updated": 0
  },
  {
    "id": "7d78d341-956b-4682-8236-6872bdce37ec",
    "data": [
      {
        "text": "es",
        "meta": "@sys.location",
        "alias": "location",
        "userDefined": false
      },
      {
        "text": " seguro compartir ",
        "userDefined": false
      },
      {
        "text": "mi",
        "meta": "@sys.unit-length-name",
        "alias": "unit-length-name",
        "userDefined": false
      },
      {
        "text": " ubicación en las redes?",
        "userDefined": false
      }
    ],
    "isTemplate": false,
    "count": 0,
    "lang": "es",
    "updated": 0
  },
  {
    "id": "169af063-d3ce-43dd-b110-7d4ff1cdd753",
    "data": [
      {
        "text": "sabes si ",
        "userDefined": false
      },
      {
        "text": "es",
        "meta": "@sys.language",
        "alias": "language",
        "userDefined": false
      },
      {
        "text": " seguro compartir ",
        "userDefined": false
      },
      {
        "text": "mi",
        "meta": "@sys.unit-length-name",
        "alias": "unit-length-name",
        "userDefined": false
      },
      {
        "text": " ubicacion en las redes",
        "userDefined": false
      }
    ],
    "isTemplate": false,
    "count": 0,
    "lang": "es",
    "updated": 0
  },
  {
    "id": "55ec2bcf-d193-4101-870e-4e0a1b313983",
    "data": [
      {
        "text": "quiero saber cómo proteger mis datos en redes sociales",
        "userDefined": false
      }
    ],
    "isTemplate": false,
    "count": 0,
    "lang": "es",
    "updated": 0
  }
]