[
  {
    "id": "272fe602-8650-46c2-a233-aa5dea30b9f3",
    "data": [
      {
        "text": "uno",
        "meta": "@sys.number",
        "alias": "number",
        "userDefined": false
      },
      {
        "text": " que sea eficiente",
        "userDefined": false
      }
    ],
    "isTemplate": false,
    "count": 0,
    "lang": "es",
    "updated": 0
  },
  {
    "id": "d0154b7b-6c9d-4fd3-9bbe-7ecc9310d786",
    "data": [
      {
        "text": "otro tip?",
        "userDefined": false
      }
    ],
    "isTemplate": false,
    "count": 0,
    "lang": "es",
    "updated": 0
  },
  {
    "id": "62fc0cf2-e48f-4100-bb4a-4c8a950db1f2",
    "data": [
      {
        "text": "tienes algun tip?",
        "userDefined": false
      }
    ],
    "isTemplate": false,
    "count": 0,
    "lang": "es",
    "updated": 0
  },
  {
    "id": "0a8140fa-7d7d-4d4a-97fa-2f0ea6304784",
    "data": [
      {
        "text": "no puedo ",
        "userDefined": false
      },
      {
        "text": "dormir",
        "meta": "@sys.location",
        "alias": "location",
        "userDefined": false
      }
    ],
    "isTemplate": false,
    "count": 0,
    "lang": "es",
    "updated": 0
  }
]