[
  {
    "id": "68f30931-f290-47c9-bd1b-e3f5445ee52d",
    "data": [
      {
        "text": "Buenos dias",
        "userDefined": false
      }
    ],
    "isTemplate": false,
    "count": 0,
    "lang": "es",
    "updated": 0
  },
  {
    "id": "fda871d1-e711-4261-85fc-128a2c8a18e4",
    "data": [
      {
        "text": "Buenas tardes",
        "meta": "@sys.music-artist",
        "alias": "music-artist",
        "userDefined": false
      }
    ],
    "isTemplate": false,
    "count": 1,
    "lang": "es",
    "updated": 0
  },
  {
    "id": "130617d2-ef57-4906-a7b8-b81206ba1937",
    "data": [
      {
        "text": "Hola",
        "userDefined": false
      }
    ],
    "isTemplate": false,
    "count": 0,
    "lang": "es",
    "updated": 0
  },
  {
    "id": "5a6406b3-9995-41d3-b6c0-69a20a7eee43",
    "data": [
      {
        "text": "Buenas noches",
        "meta": "@sys.music-artist",
        "alias": "music-artist",
        "userDefined": false
      }
    ],
    "isTemplate": false,
    "count": 1,
    "lang": "es",
    "updated": 0
  }
]