[
  {
    "id": "1441eb3b-e150-4d9e-8061-13ce44c6c08e",
    "data": [
      {
        "text": "sabes estoy pasando por ",
        "userDefined": false
      },
      {
        "text": "una",
        "meta": "@sys.number",
        "alias": "number",
        "userDefined": false
      },
      {
        "text": " situacion ",
        "userDefined": false
      },
      {
        "text": "dificil",
        "meta": "@sys.color",
        "alias": "color",
        "userDefined": true
      },
      {
        "text": ", hay alguien que paso lo mismo que yo?",
        "userDefined": false
      }
    ],
    "isTemplate": false,
    "count": 0,
    "lang": "es",
    "updated": 0
  },
  {
    "id": "cb63ede6-f29c-41c3-85ec-b0568b9d0f6b",
    "data": [
      {
        "text": "existen personas que hayan pasado por lo mismo que yo y hayan salido adelante?",
        "userDefined": false
      }
    ],
    "isTemplate": false,
    "count": 0,
    "lang": "es",
    "updated": 0
  },
  {
    "id": "51014234-ac7d-4c69-8c2d-6d59a5c747cc",
    "data": [
      {
        "text": "quiero escuchar ",
        "userDefined": false
      },
      {
        "text": "una",
        "meta": "@sys.number",
        "alias": "number",
        "userDefined": false
      },
      {
        "text": " historia emocional",
        "userDefined": false
      }
    ],
    "isTemplate": false,
    "count": 0,
    "lang": "es",
    "updated": 0
  },
  {
    "id": "fdbddd6e-f9f1-4c1a-aa88-6a8d693eac32",
    "data": [
      {
        "text": "muestrame ",
        "userDefined": false
      },
      {
        "text": "uno",
        "meta": "@sys.number",
        "alias": "number",
        "userDefined": false
      },
      {
        "text": " de violencia emocional",
        "userDefined": false
      }
    ],
    "isTemplate": false,
    "count": 0,
    "lang": "es",
    "updated": 0
  }
]