[
  {
    "id": "473430aa-0950-4feb-9557-1905d2a04a54",
    "data": [
      {
        "text": "me siento muy mal con lo que me dicen, ",
        "userDefined": false
      },
      {
        "text": "es",
        "meta": "@sys.location",
        "alias": "location",
        "userDefined": false
      },
      {
        "text": " violencia psicológica?",
        "userDefined": false
      }
    ],
    "isTemplate": false,
    "count": 0,
    "lang": "es",
    "updated": 0
  },
  {
    "id": "125f7fcb-65ef-49b5-ac04-9df4da2e57c4",
    "data": [
      {
        "text": "acaso que me golpean, ",
        "userDefined": false
      },
      {
        "text": "es",
        "meta": "@sys.language",
        "alias": "language",
        "userDefined": false
      },
      {
        "text": " violencia",
        "userDefined": false
      }
    ],
    "isTemplate": false,
    "count": 0,
    "lang": "es",
    "updated": 0
  },
  {
    "id": "1ddefc4b-b468-4ce3-9da6-61d9f68c8d65",
    "data": [
      {
        "text": "es violencia de genero si me tratan mal solo por ser mujer?",
        "userDefined": false
      }
    ],
    "isTemplate": false,
    "count": 0,
    "lang": "es",
    "updated": 0
  },
  {
    "id": "5070cbbe-817f-4789-bde9-ff9bcb2ecb71",
    "data": [
      {
        "text": "me han tocado sin mi consentimiento, es violencia sexual?",
        "userDefined": false
      }
    ],
    "isTemplate": false,
    "count": 0,
    "lang": "es",
    "updated": 0
  },
  {
    "id": "060c7bf7-b6a9-4fcc-bf69-cbddbb2a87cf",
    "data": [
      {
        "text": "no tengo control sobre mi dinero, es violencia economica?",
        "userDefined": false
      }
    ],
    "isTemplate": false,
    "count": 0,
    "lang": "es",
    "updated": 0
  }
]